,TF,Target,Label
0,0,1219,1
1,0,88,1
2,2,822,1
3,2,298,1
4,4,1032,1
5,4,1069,1
6,4,588,1
7,4,1038,1
8,5,1175,1
9,23,563,1
10,31,502,1
11,31,53,1
12,31,936,1
13,31,1277,1
14,31,957,1
15,31,1293,1
16,31,359,1
17,31,909,1
18,31,905,1
19,31,616,1
20,31,1168,1
21,31,367,1
22,31,829,1
23,31,210,1
24,31,818,1
25,31,1120,1
26,31,702,1
27,31,921,1
28,31,176,1
29,31,455,1
30,31,813,1
31,34,173,1
32,34,688,1
33,34,588,1
34,34,1038,1
35,34,372,1
36,44,541,1
37,44,966,1
38,47,265,1
39,52,1053,1
40,57,798,1
41,57,925,1
42,57,187,1
43,60,915,1
44,68,871,1
45,81,929,1
46,81,1080,1
47,81,434,1
48,81,989,1
49,81,1293,1
50,81,791,1
51,81,367,1
52,81,597,1
53,81,450,1
54,81,1015,1
55,81,200,1
56,81,869,1
57,81,362,1
58,81,1208,1
59,81,1023,1
60,81,42,1
61,81,622,1
62,81,170,1
63,81,437,1
64,81,359,1
65,81,1038,1
66,81,1108,1
67,81,65,1
68,81,343,1
69,81,716,1
70,81,926,1
71,81,1061,1
72,81,334,1
73,81,131,1
74,81,591,1
75,81,965,1
76,81,351,1
77,82,324,1
78,82,477,1
79,82,590,1
80,82,538,1
81,82,849,1
82,82,505,1
83,82,766,1
84,82,612,1
85,82,1320,1
86,82,1019,1
87,88,706,1
88,88,0,1
89,88,1123,1
90,98,952,1
91,98,6,1
92,98,1208,1
93,98,226,1
94,98,767,1
95,98,16,1
96,98,18,1
97,98,1112,1
98,98,293,1
99,98,749,1
100,98,250,1
101,98,369,1
102,98,661,1
103,98,1250,1
104,98,719,1
105,98,186,1
106,98,859,1
107,105,755,1
108,105,548,1
109,105,881,1
110,105,322,1
111,105,467,1
112,105,590,1
113,105,1066,1
114,105,505,1
115,105,150,1
116,105,902,1
117,105,1053,1
118,106,182,1
119,106,390,1
120,106,841,1
121,106,9,1
122,106,925,1
123,106,146,1
124,106,497,1
125,106,905,1
126,106,508,1
127,108,1023,1
128,116,1287,1
129,116,629,1
130,116,1038,1
131,116,367,1
132,118,426,1
133,118,1242,1
134,137,849,1
135,137,1110,1
136,144,229,1
137,144,1112,1
138,144,1242,1
139,144,716,1
140,144,16,1
141,144,952,1
142,144,929,1
143,144,98,1
144,146,662,1
145,146,986,1
146,146,464,1
147,146,106,1
148,150,766,1
149,150,1238,1
150,150,538,1
151,150,105,1
152,150,941,1
153,150,1182,1
154,150,590,1
155,150,1237,1
156,150,944,1
157,150,82,1
158,150,881,1
159,150,505,1
160,150,959,1
161,150,755,1
162,150,477,1
163,150,1085,1
164,160,687,1
165,161,554,1
166,161,459,1
167,161,276,1
168,161,469,1
169,161,1257,1
170,161,362,1
171,161,1010,1
172,161,513,1
173,161,1122,1
174,161,739,1
175,161,300,1
176,161,291,1
177,161,502,1
178,161,412,1
179,161,107,1
180,161,1030,1
181,161,270,1
182,161,835,1
183,161,1185,1
184,161,693,1
185,161,865,1
186,161,711,1
187,161,1123,1
188,170,704,1
189,170,353,1
190,170,1144,1
191,170,802,1
192,170,447,1
193,173,631,1
194,173,34,1
195,173,688,1
196,173,1143,1
197,179,623,1
198,182,357,1
199,182,588,1
200,182,841,1
201,182,275,1
202,182,777,1
203,182,312,1
204,182,587,1
205,182,628,1
206,182,1038,1
207,182,641,1
208,186,34,1
209,186,637,1
210,186,1256,1
211,187,434,1
212,196,508,1
213,198,367,1
214,206,685,1
215,210,129,1
216,210,953,1
217,210,137,1
218,210,219,1
219,210,456,1
220,210,747,1
221,210,794,1
222,210,1235,1
223,210,905,1
224,210,845,1
225,210,1052,1
226,210,1037,1
227,210,353,1
228,210,1050,1
229,210,1281,1
230,210,1192,1
231,210,726,1
232,210,748,1
233,210,876,1
234,210,543,1
235,210,600,1
236,210,1159,1
237,210,1253,1
238,210,93,1
239,210,459,1
240,210,358,1
241,210,857,1
242,210,798,1
243,210,1123,1
244,210,801,1
245,210,268,1
246,210,768,1
247,210,641,1
248,210,354,1
249,210,382,1
250,210,442,1
251,210,925,1
252,210,764,1
253,210,422,1
254,210,1063,1
255,216,502,1
256,219,957,1
257,219,925,1
258,226,682,1
259,226,1276,1
260,226,906,1
261,226,500,1
262,226,18,1
263,226,186,1
264,226,661,1
265,226,1293,1
266,226,161,1
267,226,375,1
268,226,916,1
269,226,6,1
270,226,797,1
271,226,1296,1
272,226,420,1
273,226,98,1
274,226,144,1
275,226,210,1
276,226,282,1
277,226,1112,1
278,226,952,1
279,226,1312,1
280,226,440,1
281,237,914,1
282,239,1293,1
283,239,41,1
284,239,687,1
285,239,633,1
286,239,794,1
287,239,1114,1
288,239,254,1
289,250,780,1
290,254,1168,1
291,254,633,1
292,254,1023,1
293,254,239,1
294,258,543,1
295,258,776,1
296,258,378,1
297,258,434,1
298,258,359,1
299,258,1121,1
300,258,1287,1
301,258,703,1
302,258,1169,1
303,258,682,1
304,258,936,1
305,258,1258,1
306,258,867,1
307,258,538,1
308,258,1277,1
309,258,1054,1
310,258,37,1
311,258,746,1
312,258,532,1
313,258,706,1
314,258,204,1
315,258,578,1
316,258,865,1
317,258,307,1
318,258,1199,1
319,261,1110,1
320,265,991,1
321,265,1080,1
322,265,642,1
323,265,1267,1
324,275,182,1
325,275,655,1
326,275,841,1
327,275,432,1
328,275,628,1
329,275,85,1
330,275,106,1
331,288,879,1
332,288,324,1
333,288,590,1
334,288,969,1
335,288,641,1
336,288,1149,1
337,288,477,1
338,288,261,1
339,288,1135,1
340,292,477,1
341,292,879,1
342,292,74,1
343,292,813,1
344,292,324,1
345,292,505,1
346,292,590,1
347,292,941,1
348,292,1019,1
349,292,1238,1
350,301,597,1
351,301,716,1
352,301,926,1
353,301,558,1
354,308,929,1
355,308,641,1
356,308,946,1
357,308,921,1
358,310,254,1
359,310,687,1
360,310,591,1
361,310,239,1
362,310,403,1
363,310,1168,1
364,310,1023,1
365,312,1305,1
366,312,915,1
367,312,182,1
368,312,610,1
369,317,1310,1
370,317,109,1
371,317,431,1
372,322,548,1
373,322,467,1
374,322,105,1
375,322,324,1
376,322,150,1
377,322,755,1
378,322,950,1
379,322,879,1
380,322,881,1
381,322,1068,1
382,322,902,1
383,322,849,1
384,323,951,1
385,324,9,1
386,324,538,1
387,324,858,1
388,324,959,1
389,324,1135,1
390,324,881,1
391,324,418,1
392,324,1110,1
393,324,292,1
394,324,322,1
395,324,1053,1
396,324,849,1
397,324,271,1
398,324,1320,1
399,324,477,1
400,324,105,1
401,324,944,1
402,324,879,1
403,324,1182,1
404,324,941,1
405,330,1139,1
406,336,115,1
407,341,1254,1
408,341,462,1
409,341,470,1
410,341,234,1
411,341,76,1
412,341,1024,1
413,341,320,1
414,341,1292,1
415,341,238,1
416,341,1207,1
417,341,311,1
418,341,143,1
419,341,709,1
420,347,794,1
421,353,1038,1
422,357,1266,1
423,357,588,1
424,357,182,1
425,357,1290,1
426,365,324,1
427,365,477,1
428,365,534,1
429,365,31,1
430,365,590,1
431,365,538,1
432,365,1182,1
433,365,505,1
434,367,489,1
435,367,1198,1
436,367,258,1
437,367,1030,1
438,367,543,1
439,367,1032,1
440,367,951,1
441,367,431,1
442,367,440,1
443,367,353,1
444,367,682,1
445,367,1000,1
446,367,1269,1
447,367,746,1
448,367,507,1
449,367,469,1
450,367,65,1
451,367,706,1
452,367,73,1
453,367,973,1
454,367,293,1
455,367,884,1
456,367,1045,1
457,367,804,1
458,367,1120,1
459,367,490,1
460,367,210,1
461,367,1064,1
462,367,747,1
463,367,1174,1
464,367,1293,1
465,367,909,1
466,367,1051,1
467,367,422,1
468,367,716,1
469,367,743,1
470,367,563,1
471,367,16,1
472,367,1288,1
473,367,915,1
474,367,430,1
475,367,1290,1
476,367,597,1
477,367,116,1
478,367,1242,1
479,377,1227,1
480,377,628,1
481,377,841,1
482,377,921,1
483,381,780,1
484,385,502,1
485,390,187,1
486,390,182,1
487,390,104,1
488,390,508,1
489,423,1246,1
490,423,303,1
491,423,31,1
492,423,187,1
493,423,469,1
494,423,1291,1
495,423,1256,1
496,430,915,1
497,434,432,1
498,434,382,1
499,434,588,1
500,434,711,1
501,434,666,1
502,434,905,1
503,434,893,1
504,434,915,1
505,434,282,1
506,434,1237,1
507,434,1038,1
508,434,667,1
509,434,1015,1
510,434,549,1
511,434,721,1
512,434,7,1
513,434,452,1
514,434,219,1
515,434,156,1
516,434,685,1
517,434,81,1
518,434,196,1
519,434,440,1
520,434,1032,1
521,434,106,1
522,434,637,1
523,434,97,1
524,434,275,1
525,434,1069,1
526,434,1291,1
527,434,1234,1
528,434,818,1
529,434,794,1
530,434,563,1
531,434,836,1
532,434,1312,1
533,434,423,1
534,434,857,1
535,434,1242,1
536,434,1045,1
537,434,1214,1
538,434,670,1
539,434,187,1
540,434,508,1
541,434,355,1
542,434,354,1
543,434,426,1
544,434,118,1
545,434,348,1
546,434,925,1
547,434,1281,1
548,434,93,1
549,440,308,1
550,440,266,1
551,440,629,1
552,440,521,1
553,440,799,1
554,440,510,1
555,440,1256,1
556,440,74,1
557,440,854,1
558,440,376,1
559,440,857,1
560,440,1312,1
561,440,1047,1
562,440,367,1
563,440,226,1
564,440,1003,1
565,440,450,1
566,440,627,1
567,440,144,1
568,440,661,1
569,440,1172,1
570,440,98,1
571,440,187,1
572,440,1308,1
573,440,350,1
574,440,641,1
575,440,210,1
576,440,876,1
577,440,619,1
578,440,1235,1
579,440,706,1
580,440,1091,1
581,440,1236,1
582,440,214,1
583,440,1225,1
584,440,1035,1
585,440,442,1
586,440,18,1
587,440,1100,1
588,440,914,1
589,440,1242,1
590,440,1052,1
591,440,610,1
592,440,578,1
593,443,9,1
594,443,1140,1
595,443,1110,1
596,443,590,1
597,444,146,1
598,444,108,1
599,452,780,1
600,452,1037,1
601,464,1292,1
602,464,479,1
603,464,958,1
604,464,188,1
605,464,1008,1
606,464,1073,1
607,464,662,1
608,464,832,1
609,464,699,1
610,464,897,1
611,464,1119,1
612,464,155,1
613,464,503,1
614,464,1219,1
615,464,459,1
616,464,23,1
617,464,873,1
618,464,1198,1
619,464,310,1
620,464,444,1
621,464,1040,1
622,464,3,1
623,464,146,1
624,464,218,1
625,464,584,1
626,464,244,1
627,464,161,1
628,464,292,1
629,464,109,1
630,464,927,1
631,464,992,1
632,464,840,1
633,464,635,1
634,464,1131,1
635,464,734,1
636,464,726,1
637,464,995,1
638,464,605,1
639,464,69,1
640,464,990,1
641,464,685,1
642,464,127,1
643,464,631,1
644,464,936,1
645,464,573,1
646,464,1120,1
647,464,1209,1
648,464,1045,1
649,464,184,1
650,464,957,1
651,464,908,1
652,464,1308,1
653,464,376,1
654,464,1060,1
655,464,364,1
656,464,60,1
657,464,1024,1
658,464,1004,1
659,464,831,1
660,464,606,1
661,464,1299,1
662,464,868,1
663,464,128,1
664,464,203,1
665,464,116,1
666,464,728,1
667,464,955,1
668,464,1061,1
669,464,900,1
670,464,666,1
671,464,660,1
672,464,513,1
673,464,963,1
674,464,993,1
675,464,394,1
676,464,239,1
677,464,389,1
678,464,529,1
679,464,1201,1
680,464,654,1
681,464,11,1
682,464,331,1
683,464,1306,1
684,464,171,1
685,464,532,1
686,464,1089,1
687,464,385,1
688,464,232,1
689,464,321,1
690,464,490,1
691,464,17,1
692,464,254,1
693,464,608,1
694,464,201,1
695,464,1094,1
696,464,317,1
697,464,67,1
698,464,637,1
699,464,1314,1
700,464,251,1
701,464,363,1
702,464,272,1
703,464,987,1
704,464,422,1
705,464,355,1
706,464,724,1
707,464,500,1
708,464,5,1
709,464,110,1
710,464,933,1
711,464,1053,1
712,464,658,1
713,464,703,1
714,464,491,1
715,464,788,1
716,464,798,1
717,464,807,1
718,464,243,1
719,464,512,1
720,464,892,1
721,464,228,1
722,464,311,1
723,464,1192,1
724,464,696,1
725,464,551,1
726,464,677,1
727,464,1239,1
728,464,691,1
729,464,377,1
730,464,99,1
731,464,452,1
732,464,1245,1
733,464,911,1
734,464,1186,1
735,464,263,1
736,464,592,1
737,464,769,1
738,464,811,1
739,464,853,1
740,464,233,1
741,464,1224,1
742,464,436,1
743,464,61,1
744,464,834,1
745,464,245,1
746,464,497,1
747,464,860,1
748,464,123,1
749,464,750,1
750,464,1156,1
751,464,430,1
752,464,386,1
753,464,988,1
754,464,1301,1
755,464,58,1
756,464,709,1
757,464,602,1
758,464,15,1
759,464,1003,1
760,464,953,1
761,464,221,1
762,464,1177,1
763,464,1106,1
764,464,143,1
765,464,428,1
766,464,1069,1
767,464,1170,1
768,464,261,1
769,469,108,1
770,469,1023,1
771,473,176,1
772,475,712,1
773,475,19,1
774,475,1245,1
775,477,766,1
776,477,959,1
777,477,538,1
778,477,197,1
779,477,324,1
780,477,77,1
781,477,1019,1
782,477,365,1
783,477,1110,1
784,477,322,1
785,477,1238,1
786,477,1237,1
787,477,941,1
788,477,875,1
789,477,773,1
790,477,505,1
791,477,143,1
792,477,1053,1
793,477,1320,1
794,477,288,1
795,477,105,1
796,477,292,1
797,477,1140,1
798,478,108,1
799,497,680,1
800,497,138,1
801,497,42,1
802,497,301,1
803,497,330,1
804,497,541,1
805,497,367,1
806,497,716,1
807,497,1178,1
808,497,646,1
809,497,926,1
810,497,1247,1
811,497,1159,1
812,497,354,1
813,497,558,1
814,497,9,1
815,497,31,1
816,497,641,1
817,497,1293,1
818,497,1208,1
819,497,1015,1
820,497,1038,1
821,497,119,1
822,497,804,1
823,497,763,1
824,497,1052,1
825,497,836,1
826,497,106,1
827,497,888,1
828,497,1061,1
829,497,131,1
830,497,813,1
831,497,351,1
832,497,179,1
833,497,209,1
834,497,627,1
835,497,422,1
836,502,1063,1
837,502,1015,1
838,502,563,1
839,502,925,1
840,502,704,1
841,502,998,1
842,502,1242,1
843,502,1032,1
844,504,1138,1
845,504,372,1
846,504,1038,1
847,505,150,1
848,505,849,1
849,505,443,1
850,505,292,1
851,505,82,1
852,505,1237,1
853,505,1135,1
854,505,941,1
855,505,1053,1
856,505,538,1
857,505,879,1
858,505,755,1
859,505,1019,1
860,505,959,1
861,505,590,1
862,505,1085,1
863,505,902,1
864,505,1140,1
865,512,950,1
866,521,1038,1
867,521,1061,1
868,521,797,1
869,521,890,1
870,521,706,1
871,521,1242,1
872,521,367,1
873,521,1045,1
874,521,747,1
875,521,124,1
876,521,884,1
877,521,1256,1
878,521,973,1
879,521,1015,1
880,521,81,1
881,521,1198,1
882,521,641,1
883,521,1290,1
884,521,1174,1
885,521,648,1
886,521,592,1
887,521,489,1
888,521,431,1
889,521,1030,1
890,535,1115,1
891,535,1280,1
892,538,590,1
893,538,467,1
894,538,443,1
895,538,1320,1
896,538,944,1
897,538,1110,1
898,538,1085,1
899,538,1238,1
900,538,1182,1
901,538,755,1
902,538,941,1
903,538,1140,1
904,538,881,1
905,538,1135,1
906,538,548,1
907,538,1237,1
908,538,902,1
909,538,365,1
910,538,1019,1
911,538,1053,1
912,541,44,1
913,541,1139,1
914,541,69,1
915,554,925,1
916,554,1035,1
917,559,372,1
918,563,1293,1
919,563,716,1
920,572,1247,1
921,572,1053,1
922,573,1246,1
923,573,186,1
924,573,170,1
925,573,879,1
926,573,814,1
927,573,1312,1
928,574,959,1
929,579,1038,1
930,588,1287,1
931,588,688,1
932,588,9,1
933,588,372,1
934,588,434,1
935,588,1290,1
936,588,508,1
937,588,108,1
938,590,271,1
939,590,1135,1
940,590,1237,1
941,590,773,1
942,590,234,1
943,590,443,1
944,590,647,1
945,590,143,1
946,590,288,1
947,590,959,1
948,590,1140,1
949,590,365,1
950,590,875,1
951,590,766,1
952,590,1053,1
953,590,1085,1
954,590,324,1
955,590,477,1
956,590,941,1
957,590,1318,1
958,590,944,1
959,590,849,1
960,590,1019,1
961,590,483,1
962,590,105,1
963,591,104,1
964,591,1219,1
965,591,633,1
966,591,1021,1
967,591,625,1
968,591,1023,1
969,591,7,1
970,591,1301,1
971,591,444,1
972,591,220,1
973,591,1243,1
974,591,1192,1
975,591,1293,1
976,591,958,1
977,591,1040,1
978,591,1247,1
979,591,810,1
980,591,580,1
981,591,434,1
982,591,798,1
983,591,92,1
984,591,1264,1
985,591,1089,1
986,591,192,1
987,591,1242,1
988,591,770,1
989,591,239,1
990,591,657,1
991,591,181,1
992,591,796,1
993,591,77,1
994,599,666,1
995,606,814,1
996,627,105,1
997,627,182,1
998,627,446,1
999,627,115,1
1000,627,729,1
1001,627,1192,1
1002,627,118,1
1003,627,29,1
1004,627,719,1
1005,627,173,1
1006,627,877,1
1007,627,722,1
1008,627,79,1
1009,627,676,1
1010,627,418,1
1011,627,859,1
1012,627,99,1
1013,627,84,1
1014,627,824,1
1015,627,355,1
1016,627,895,1
1017,627,1021,1
1018,627,796,1
1019,627,464,1
1020,627,1035,1
1021,627,836,1
1022,627,646,1
1023,627,1187,1
1024,627,1222,1
1025,627,1089,1
1026,627,1210,1
1027,627,1047,1
1028,627,452,1
1029,627,1244,1
1030,627,248,1
1031,627,233,1
1032,627,261,1
1033,627,230,1
1034,627,81,1
1035,627,103,1
1036,627,259,1
1037,627,794,1
1038,627,192,1
1039,627,262,1
1040,627,770,1
1041,627,153,1
1042,627,497,1
1043,627,782,1
1044,627,1070,1
1045,627,723,1
1046,627,1116,1
1047,627,781,1
1048,627,867,1
1049,627,1293,1
1050,627,513,1
1051,627,1161,1
1052,627,382,1
1053,627,215,1
1054,627,1307,1
1055,627,1010,1
1056,627,378,1
1057,627,445,1
1058,627,928,1
1059,627,819,1
1060,628,386,1
1061,628,925,1
1062,628,9,1
1063,628,377,1
1064,628,432,1
1065,628,1227,1
1066,628,182,1
1067,629,116,1
1068,629,905,1
1069,629,1096,1
1070,629,31,1
1071,629,642,1
1072,629,433,1
1073,631,173,1
1074,631,1143,1
1075,631,108,1
1076,631,1174,1
1077,637,925,1
1078,637,829,1
1079,637,348,1
1080,637,426,1
1081,638,986,1
1082,638,170,1
1083,638,915,1
1084,641,1293,1
1085,641,716,1
1086,646,1159,1
1087,646,1293,1
1088,646,685,1
1089,646,791,1
1090,656,573,1
1091,662,497,1
1092,662,726,1
1093,662,280,1
1094,662,9,1
1095,676,312,1
1096,676,481,1
1097,676,559,1
1098,676,77,1
1099,676,685,1
1100,676,266,1
1101,676,1284,1
1102,676,194,1
1103,676,971,1
1104,676,192,1
1105,676,1134,1
1106,676,371,1
1107,676,1122,1
1108,676,419,1
1109,676,1232,1
1110,676,308,1
1111,676,1032,1
1112,676,1273,1
1113,685,853,1
1114,685,646,1
1115,685,716,1
1116,685,434,1
1117,685,791,1
1118,685,157,1
1119,685,1293,1
1120,688,588,1
1121,688,1290,1
1122,688,1038,1
1123,688,4,1
1124,702,1242,1
1125,702,925,1
1126,702,563,1
1127,702,915,1
1128,702,1112,1
1129,722,357,1
1130,726,662,1
1131,726,836,1
1132,726,1256,1
1133,726,961,1
1134,726,925,1
1135,726,1063,1
1136,726,1115,1
1137,726,118,1
1138,726,1032,1
1139,726,1051,1
1140,726,385,1
1141,726,563,1
1142,726,1015,1
1143,728,948,1
1144,728,921,1
1145,728,1280,1
1146,728,1140,1
1147,743,1115,1
1148,743,186,1
1149,744,44,1
1150,755,548,1
1151,755,590,1
1152,755,1053,1
1153,755,538,1
1154,755,907,1
1155,755,944,1
1156,755,879,1
1157,755,505,1
1158,755,881,1
1159,755,1237,1
1160,755,467,1
1161,765,1182,1
1162,766,324,1
1163,766,849,1
1164,766,477,1
1165,766,538,1
1166,766,879,1
1167,766,501,1
1168,766,713,1
1169,766,1238,1
1170,766,505,1
1171,766,578,1
1172,766,941,1
1173,777,925,1
1174,777,588,1
1175,777,1063,1
1176,777,905,1
1177,777,9,1
1178,777,970,1
1179,780,0,1
1180,780,1219,1
1181,780,452,1
1182,780,1123,1
1183,781,108,1
1184,791,1116,1
1185,791,65,1
1186,791,497,1
1187,791,182,1
1188,791,1178,1
1189,791,1184,1
1190,791,1066,1
1191,791,974,1
1192,791,81,1
1193,791,646,1
1194,791,157,1
1195,791,1159,1
1196,791,680,1
1197,791,422,1
1198,791,223,1
1199,791,434,1
1200,791,1112,1
1201,791,298,1
1202,791,1052,1
1203,791,1194,1
1204,791,330,1
1205,791,597,1
1206,791,42,1
1207,791,214,1
1208,794,113,1
1209,794,106,1
1210,794,1293,1
1211,794,966,1
1212,794,58,1
1213,794,395,1
1214,794,17,1
1215,794,803,1
1216,794,609,1
1217,794,561,1
1218,794,201,1
1219,794,380,1
1220,794,599,1
1221,794,1001,1
1222,794,605,1
1223,794,451,1
1224,794,545,1
1225,794,127,1
1226,794,143,1
1227,794,89,1
1228,794,579,1
1229,794,915,1
1230,794,1168,1
1231,794,633,1
1232,794,164,1
1233,794,610,1
1234,794,1184,1
1235,794,1008,1
1236,794,529,1
1237,794,189,1
1238,794,848,1
1239,794,1147,1
1240,794,111,1
1241,794,682,1
1242,794,261,1
1243,794,290,1
1244,794,924,1
1245,794,987,1
1246,794,1054,1
1247,794,663,1
1248,794,266,1
1249,794,1023,1
1250,794,850,1
1251,794,428,1
1252,794,1287,1
1253,794,391,1
1254,794,892,1
1255,794,719,1
1256,794,1169,1
1257,794,957,1
1258,794,382,1
1259,794,1170,1
1260,794,1213,1
1261,794,13,1
1262,794,44,1
1263,794,386,1
1264,794,1226,1
1265,794,1116,1
1266,794,259,1
1267,794,389,1
1268,794,433,1
1269,794,864,1
1270,794,1250,1
1271,794,156,1
1272,794,688,1
1273,794,1307,1
1274,794,711,1
1275,794,254,1
1276,794,1019,1
1277,794,104,1
1278,794,1071,1
1279,794,830,1
1280,794,543,1
1281,794,87,1
1282,794,1305,1
1283,794,945,1
1284,794,129,1
1285,794,1035,1
1286,794,776,1
1287,794,321,1
1288,813,1277,1
1289,813,543,1
1290,813,484,1
1291,813,53,1
1292,813,925,1
1293,813,318,1
1294,813,434,1
1295,813,455,1
1296,813,31,1
1297,813,1168,1
1298,813,282,1
1299,813,857,1
1300,813,176,1
1301,813,1293,1
1302,814,573,1
1303,814,108,1
1304,814,957,1
1305,814,796,1
1306,818,116,1
1307,818,70,1
1308,818,31,1
1309,818,726,1
1310,818,18,1
1311,819,1023,1
1312,819,170,1
1313,819,497,1
1314,819,31,1
1315,819,641,1
1316,819,521,1
1317,819,563,1
1318,829,81,1
1319,829,131,1
1320,829,198,1
1321,829,108,1
1322,829,217,1
1323,829,1165,1
1324,829,358,1
1325,829,287,1
1326,829,1112,1
1327,829,1163,1
1328,836,367,1
1329,836,726,1
1330,836,1069,1
1331,836,101,1
1332,836,957,1
1333,836,258,1
1334,836,131,1
1335,836,118,1
1336,836,662,1
1337,836,170,1
1338,836,925,1
1339,836,1038,1
1340,836,426,1
1341,836,961,1
1342,836,635,1
1343,836,807,1
1344,836,395,1
1345,836,1089,1
1346,836,484,1
1347,836,1214,1
1348,836,1168,1
1349,836,627,1
1350,836,927,1
1351,836,34,1
1352,836,563,1
1353,836,1293,1
1354,836,1291,1
1355,836,450,1
1356,836,722,1
1357,836,641,1
1358,836,353,1
1359,836,1256,1
1360,836,308,1
1361,836,771,1
1362,836,829,1
1363,836,53,1
1364,836,680,1
1365,836,314,1
1366,836,1080,1
1367,841,905,1
1368,841,377,1
1369,841,655,1
1370,841,9,1
1371,841,508,1
1372,841,1227,1
1373,841,628,1
1374,849,959,1
1375,849,548,1
1376,849,1053,1
1377,849,881,1
1378,849,1110,1
1379,849,941,1
1380,849,1085,1
1381,849,105,1
1382,849,292,1
1383,849,1019,1
1384,849,467,1
1385,849,902,1
1386,849,944,1
1387,849,324,1
1388,849,766,1
1389,849,477,1
1390,849,1238,1
1391,849,288,1
1392,873,348,1
1393,879,82,1
1394,879,1238,1
1395,879,1019,1
1396,879,1085,1
1397,879,324,1
1398,879,944,1
1399,879,573,1
1400,879,941,1
1401,879,365,1
1402,879,288,1
1403,879,150,1
1404,879,881,1
1405,879,1237,1
1406,879,271,1
1407,879,1066,1
1408,879,548,1
1409,879,538,1
1410,879,1053,1
1411,881,902,1
1412,881,105,1
1413,881,292,1
1414,881,1085,1
1415,881,150,1
1416,881,538,1
1417,881,548,1
1418,881,959,1
1419,881,1053,1
1420,881,879,1
1421,881,505,1
1422,881,766,1
1423,881,1237,1
1424,881,1182,1
1425,881,365,1
1426,881,467,1
1427,881,1066,1
1428,887,1168,1
1429,888,9,1
1430,902,538,1
1431,902,755,1
1432,902,324,1
1433,902,1110,1
1434,902,849,1
1435,902,105,1
1436,902,322,1
1437,902,548,1
1438,902,365,1
1439,902,633,1
1440,902,1019,1
1441,902,879,1
1442,902,1085,1
1443,902,1066,1
1444,902,477,1
1445,902,881,1
1446,902,311,1
1447,902,288,1
1448,902,150,1
1449,902,959,1
1450,909,348,1
1451,909,521,1
1452,909,31,1
1453,909,367,1
1454,909,431,1
1455,909,354,1
1456,909,1256,1
1457,910,750,1
1458,910,515,1
1459,910,358,1
1460,910,9,1
1461,910,1038,1
1462,915,921,1
1463,915,1038,1
1464,915,702,1
1465,915,508,1
1466,915,423,1
1467,915,1035,1
1468,915,925,1
1469,915,638,1
1470,915,108,1
1471,915,367,1
1472,915,18,1
1473,915,405,1
1474,915,516,1
1475,915,1174,1
1476,915,685,1
1477,915,1159,1
1478,920,1019,1
1479,920,508,1
1480,921,1242,1
1481,921,1206,1
1482,921,948,1
1483,921,27,1
1484,921,1180,1
1485,921,674,1
1486,921,1256,1
1487,921,539,1
1488,921,816,1
1489,921,890,1
1490,921,509,1
1491,921,569,1
1492,921,818,1
1493,921,855,1
1494,921,868,1
1495,921,138,1
1496,921,377,1
1497,921,1262,1
1498,921,871,1
1499,921,915,1
1500,924,9,1
1501,929,343,1
1502,929,926,1
1503,936,702,1
1504,936,822,1
1505,936,348,1
1506,936,521,1
1507,936,1032,1
1508,938,387,1
1509,941,766,1
1510,941,1019,1
1511,941,477,1
1512,941,849,1
1513,941,82,1
1514,941,505,1
1515,941,150,1
1516,941,292,1
1517,950,512,1
1518,950,1139,1
1519,951,592,1
1520,951,573,1
1521,951,258,1
1522,951,747,1
1523,951,1037,1
1524,951,641,1
1525,951,1198,1
1526,951,148,1
1527,951,124,1
1528,951,1242,1
1529,951,353,1
1530,951,489,1
1531,951,308,1
1532,951,204,1
1533,951,1061,1
1534,951,1035,1
1535,951,648,1
1536,951,742,1
1537,951,521,1
1538,951,1015,1
1539,951,884,1
1540,951,538,1
1541,957,591,1
1542,957,504,1
1543,957,239,1
1544,957,1114,1
1545,957,41,1
1546,957,326,1
1547,957,1023,1
1548,957,1252,1
1549,957,656,1
1550,957,200,1
1551,957,813,1
1552,957,836,1
1553,957,814,1
1554,957,1191,1
1555,957,170,1
1556,959,574,1
1557,959,1085,1
1558,959,881,1
1559,959,365,1
1560,959,538,1
1561,959,150,1
1562,959,324,1
1563,959,1182,1
1564,998,666,1
1565,998,726,1
1566,998,915,1
1567,1001,143,1
1568,1001,76,1
1569,1001,234,1
1570,1001,462,1
1571,1001,311,1
1572,1001,647,1
1573,1001,470,1
1574,1001,709,1
1575,1001,1318,1
1576,1001,773,1
1577,1019,879,1
1578,1019,849,1
1579,1019,1320,1
1580,1019,881,1
1581,1019,505,1
1582,1019,150,1
1583,1019,941,1
1584,1019,612,1
1585,1019,82,1
1586,1019,1238,1
1587,1021,367,1
1588,1023,1035,1
1589,1023,1115,1
1590,1023,641,1
1591,1023,1242,1
1592,1023,170,1
1593,1023,411,1
1594,1023,925,1
1595,1023,877,1
1596,1023,960,1
1597,1023,508,1
1598,1023,850,1
1599,1023,744,1
1600,1023,34,1
1601,1023,1244,1
1602,1023,187,1
1603,1023,561,1
1604,1023,710,1
1605,1023,1274,1
1606,1023,931,1
1607,1023,1137,1
1608,1023,192,1
1609,1023,298,1
1610,1023,81,1
1611,1023,1192,1
1612,1023,746,1
1613,1023,897,1
1614,1023,591,1
1615,1023,1114,1
1616,1023,785,1
1617,1023,89,1
1618,1023,831,1
1619,1023,375,1
1620,1023,660,1
1621,1023,414,1
1622,1023,1283,1
1623,1023,353,1
1624,1023,167,1
1625,1023,373,1
1626,1023,202,1
1627,1023,1304,1
1628,1023,933,1
1629,1023,968,1
1630,1023,1,1
1631,1023,239,1
1632,1023,431,1
1633,1023,1171,1
1634,1023,198,1
1635,1023,776,1
1636,1032,716,1
1637,1032,597,1
1638,1035,182,1
1639,1035,915,1
1640,1035,1038,1
1641,1035,951,1
1642,1035,1256,1
1643,1037,301,1
1644,1037,951,1
1645,1037,1293,1
1646,1037,1225,1
1647,1038,629,1
1648,1038,1192,1
1649,1038,106,1
1650,1038,579,1
1651,1038,81,1
1652,1038,508,1
1653,1038,915,1
1654,1038,925,1
1655,1038,1069,1
1656,1038,4,1
1657,1038,348,1
1658,1038,497,1
1659,1038,1035,1
1660,1038,521,1
1661,1038,1256,1
1662,1038,554,1
1663,1038,182,1
1664,1038,685,1
1665,1038,818,1
1666,1038,116,1
1667,1038,353,1
1668,1038,1143,1
1669,1041,972,1
1670,1050,676,1
1671,1050,711,1
1672,1050,105,1
1673,1050,1052,1
1674,1050,726,1
1675,1050,36,1
1676,1050,177,1
1677,1050,966,1
1678,1050,1103,1
1679,1050,319,1
1680,1050,665,1
1681,1050,302,1
1682,1051,367,1
1683,1053,902,1
1684,1053,477,1
1685,1053,52,1
1686,1053,105,1
1687,1053,324,1
1688,1053,271,1
1689,1053,590,1
1690,1053,1066,1
1691,1053,985,1
1692,1053,197,1
1693,1053,150,1
1694,1053,572,1
1695,1053,9,1
1696,1062,726,1
1697,1063,502,1
1698,1063,925,1
1699,1063,777,1
1700,1064,367,1
1701,1085,902,1
1702,1085,150,1
1703,1085,538,1
1704,1085,948,1
1705,1085,849,1
1706,1085,509,1
1707,1085,324,1
1708,1085,1182,1
1709,1085,347,1
1710,1085,881,1
1711,1085,959,1
1712,1085,590,1
1713,1096,1108,1
1714,1112,716,1
1715,1112,791,1
1716,1112,440,1
1717,1112,952,1
1718,1112,929,1
1719,1112,6,1
1720,1112,229,1
1721,1112,16,1
1722,1114,310,1
1723,1114,254,1
1724,1114,633,1
1725,1114,687,1
1726,1114,1168,1
1727,1114,239,1
1728,1114,1023,1
1729,1115,743,1
1730,1115,1280,1
1731,1120,31,1
1732,1123,88,1
1733,1135,288,1
1734,1135,590,1
1735,1135,9,1
1736,1135,1110,1
1737,1139,912,1
1738,1139,950,1
1739,1140,538,1
1740,1140,590,1
1741,1140,477,1
1742,1140,443,1
1743,1143,1174,1
1744,1143,1038,1
1745,1143,173,1
1746,1143,1170,1
1747,1143,1205,1
1748,1144,966,1
1749,1144,915,1
1750,1145,26,1
1751,1145,1262,1
1752,1145,418,1
1753,1159,210,1
1754,1159,1047,1
1755,1159,802,1
1756,1159,1293,1
1757,1159,711,1
1758,1159,1256,1
1759,1159,184,1
1760,1159,350,1
1761,1159,442,1
1762,1159,1123,1
1763,1159,619,1
1764,1159,262,1
1765,1159,226,1
1766,1159,876,1
1767,1159,268,1
1768,1159,1235,1
1769,1159,1093,1
1770,1159,31,1
1771,1159,219,1
1772,1165,434,1
1773,1165,423,1
1774,1168,504,1
1775,1168,326,1
1776,1168,1114,1
1777,1168,200,1
1778,1168,591,1
1779,1168,308,1
1780,1168,310,1
1781,1168,1293,1
1782,1168,887,1
1783,1168,1191,1
1784,1168,403,1
1785,1168,794,1
1786,1170,915,1
1787,1170,108,1
1788,1170,173,1
1789,1170,631,1
1790,1172,1204,1
1791,1174,966,1
1792,1174,1143,1
1793,1174,367,1
1794,1174,915,1
1795,1174,1205,1
1796,1174,1170,1
1797,1175,5,1
1798,1178,81,1
1799,1178,1071,1
1800,1178,1293,1
1801,1178,685,1
1802,1181,573,1
1803,1182,959,1
1804,1182,902,1
1805,1182,150,1
1806,1182,881,1
1807,1182,365,1
1808,1182,477,1
1809,1182,1085,1
1810,1182,879,1
1811,1186,1242,1
1812,1186,1291,1
1813,1192,1038,1
1814,1192,1266,1
1815,1195,502,1
1816,1204,857,1
1817,1204,628,1
1818,1204,89,1
1819,1204,81,1
1820,1204,718,1
1821,1204,183,1
1822,1204,1242,1
1823,1204,422,1
1824,1204,925,1
1825,1204,1116,1
1826,1204,187,1
1827,1204,1245,1
1828,1205,915,1
1829,1205,631,1
1830,1205,1143,1
1831,1220,197,1
1832,1220,552,1
1833,1220,1137,1
1834,1220,311,1
1835,1227,377,1
1836,1227,85,1
1837,1227,275,1
1838,1227,432,1
1839,1227,182,1
1840,1227,841,1
1841,1227,9,1
1842,1230,638,1
1843,1236,875,1
1844,1236,1055,1
1845,1236,551,1
1846,1236,462,1
1847,1238,849,1
1848,1238,881,1
1849,1238,1019,1
1850,1238,150,1
1851,1238,879,1
1852,1238,1320,1
1853,1238,612,1
1854,1238,82,1
1855,1238,538,1
1856,1238,766,1
1857,1246,573,1
1858,1246,497,1
1859,1246,1204,1
1860,1246,31,1
1861,1248,431,1
1862,1256,746,1
1863,1256,353,1
1864,1256,790,1
1865,1256,1163,1
1866,1256,293,1
1867,1256,1111,1
1868,1256,343,1
1869,1256,1204,1
1870,1256,44,1
1871,1256,354,1
1872,1256,644,1
1873,1256,794,1
1874,1256,490,1
1875,1256,1269,1
1876,1256,946,1
1877,1256,362,1
1878,1256,1288,1
1879,1256,575,1
1880,1256,966,1
1881,1256,884,1
1882,1256,641,1
1883,1256,926,1
1884,1256,124,1
1885,1256,829,1
1886,1256,204,1
1887,1256,68,1
1888,1256,271,1
1889,1256,507,1
1890,1256,1040,1
1891,1256,807,1
1892,1256,434,1
1893,1256,1045,1
1894,1256,797,1
1895,1256,258,1
1896,1256,65,1
1897,1256,621,1
1898,1256,1198,1
1899,1256,763,1
1900,1256,80,1
1901,1256,742,1
1902,1256,73,1
1903,1256,648,1
1904,1256,921,1
1905,1256,865,1
1906,1256,591,1
1907,1256,961,1
1908,1256,81,1
1909,1256,75,1
1910,1256,1032,1
1911,1256,1226,1
1912,1256,993,1
1913,1256,1135,1
1914,1256,771,1
1915,1256,719,1
1916,1256,358,1
1917,1256,1203,1
1918,1256,706,1
1919,1256,535,1
1920,1256,5,1
1921,1256,1064,1
1922,1256,397,1
1923,1256,452,1
1924,1256,176,1
1925,1256,1037,1
1926,1256,464,1
1927,1256,890,1
1928,1256,747,1
1929,1256,165,1
1930,1266,692,1
1931,1266,380,1
1932,1266,891,1
1933,1266,77,1
1934,1266,37,1
1935,1266,948,1
1936,1266,1316,1
1937,1266,914,1
1938,1266,911,1
1939,1266,853,1
1940,1266,137,1
1941,1266,998,1
1942,1266,1198,1
1943,1266,598,1
1944,1266,691,1
1945,1266,417,1
1946,1266,268,1
1947,1266,1279,1
1948,1266,43,1
1949,1266,753,1
1950,1266,364,1
1951,1266,720,1
1952,1266,124,1
1953,1266,1125,1
1954,1266,41,1
1955,1266,922,1
1956,1266,190,1
1957,1266,1046,1
1958,1266,660,1
1959,1266,571,1
1960,1266,999,1
1961,1266,1276,1
1962,1266,1169,1
1963,1266,676,1
1964,1266,1174,1
1965,1266,874,1
1966,1266,134,1
1967,1266,809,1
1968,1266,423,1
1969,1266,674,1
1970,1266,883,1
1971,1266,1053,1
1972,1266,536,1
1973,1266,795,1
1974,1266,546,1
1975,1266,58,1
1976,1266,233,1
1977,1266,98,1
1978,1266,354,1
1979,1266,603,1
1980,1266,584,1
1981,1266,464,1
1982,1266,159,1
1983,1266,894,1
1984,1266,539,1
1985,1266,1239,1
1986,1266,1032,1
1987,1266,240,1
1988,1266,699,1
1989,1266,819,1
1990,1266,247,1
1991,1266,1192,1
1992,1266,729,1
1993,1266,313,1
1994,1266,500,1
1995,1266,1300,1
1996,1266,290,1
1997,1266,11,1
1998,1266,745,1
1999,1266,553,1
2000,1266,923,1
2001,1266,820,1
2002,1266,181,1
2003,1266,590,1
2004,1266,1167,1
2005,1266,1006,1
2006,1266,389,1
2007,1266,106,1
2008,1266,420,1
2009,1266,1242,1
2010,1266,1240,1
2011,1266,82,1
2012,1266,1038,1
2013,1266,179,1
2014,1266,832,1
2015,1266,538,1
2016,1266,434,1
2017,1266,1102,1
2018,1266,719,1
2019,1266,270,1
2020,1266,1059,1
2021,1266,1079,1
2022,1266,266,1
2023,1266,187,1
2024,1266,638,1
2025,1266,1132,1
2026,1266,1159,1
2027,1266,352,1
2028,1266,373,1
2029,1266,1237,1
2030,1266,261,1
2031,1266,715,1
2032,1266,786,1
2033,1266,1291,1
2034,1266,1286,1
2035,1266,1185,1
2036,1266,1023,1
2037,1266,462,1
2038,1266,975,1
2039,1266,363,1
2040,1266,1251,1
2041,1266,1202,1
2042,1266,709,1
2043,1266,940,1
2044,1273,957,1
2045,1285,857,1
2046,1285,1209,1
2047,1285,350,1
2048,1287,704,1
2049,1287,588,1
2050,1287,1247,1
2051,1290,9,1
2052,1290,4,1
2053,1290,588,1
2054,1290,252,1
2055,1290,282,1
2056,1290,1038,1
2057,1290,688,1
2058,1291,1293,1
2059,1291,68,1
2060,1291,554,1
2061,1291,1074,1
2062,1291,716,1
2063,1291,343,1
2064,1291,781,1
2065,1291,887,1
2066,1291,1210,1
2067,1291,763,1
2068,1291,730,1
2069,1291,796,1
2070,1291,385,1
2071,1291,625,1
2072,1291,7,1
2073,1291,958,1
2074,1291,641,1
2075,1291,770,1
2076,1291,1072,1
2077,1291,1071,1
2078,1291,612,1
2079,1291,1219,1
2080,1291,1290,1
2081,1291,118,1
2082,1291,797,1
2083,1291,905,1
2084,1291,1021,1
2085,1291,354,1
2086,1291,1194,1
2087,1291,97,1
2088,1291,1285,1
2089,1291,871,1
2090,1291,1186,1
2091,1291,108,1
2092,1291,53,1
2093,1291,5,1
2094,1291,77,1
2095,1291,240,1
2096,1291,31,1
2097,1291,92,1
2098,1291,791,1
2099,1291,580,1
2100,1297,920,1
2101,1301,936,1
2102,1302,1073,1
2103,1304,637,1
2104,1312,573,1
2105,1320,1019,1
2106,1320,590,1
2107,1320,1238,1
2108,1320,766,1
2109,1320,312,1
2110,1320,902,1
2111,1320,292,1
2112,1320,324,1
2113,1320,538,1
2114,1320,505,1
2115,0,671,0
2116,0,194,0
2117,2,662,0
2118,2,469,0
2119,4,877,0
2120,4,782,0
2121,4,919,0
2122,4,59,0
2123,5,853,0
2124,23,496,0
2125,31,43,0
2126,31,1263,0
2127,31,251,0
2128,31,164,0
2129,31,653,0
2130,31,847,0
2131,31,548,0
2132,31,1260,0
2133,31,525,0
2134,31,1143,0
2135,31,892,0
2136,31,624,0
2137,31,168,0
2138,31,962,0
2139,31,1053,0
2140,31,724,0
2141,31,1187,0
2142,31,187,0
2143,31,441,0
2144,31,934,0
2145,31,1130,0
2146,34,550,0
2147,34,297,0
2148,34,685,0
2149,34,964,0
2150,34,889,0
2151,44,162,0
2152,44,560,0
2153,47,521,0
2154,52,560,0
2155,57,997,0
2156,57,755,0
2157,57,745,0
2158,60,1219,0
2159,68,907,0
2160,81,672,0
2161,81,178,0
2162,81,385,0
2163,81,1066,0
2164,81,968,0
2165,81,1062,0
2166,81,656,0
2167,81,902,0
2168,81,924,0
2169,81,730,0
2170,81,909,0
2171,81,348,0
2172,81,481,0
2173,81,155,0
2174,81,1218,0
2175,81,1181,0
2176,81,721,0
2177,81,193,0
2178,81,780,0
2179,81,469,0
2180,81,652,0
2181,81,1034,0
2182,81,313,0
2183,81,840,0
2184,81,525,0
2185,81,550,0
2186,81,126,0
2187,81,224,0
2188,81,799,0
2189,81,914,0
2190,81,401,0
2191,81,1182,0
2192,82,750,0
2193,82,828,0
2194,82,706,0
2195,82,1268,0
2196,82,610,0
2197,82,982,0
2198,82,1175,0
2199,82,370,0
2200,82,17,0
2201,82,611,0
2202,88,485,0
2203,88,962,0
2204,88,945,0
2205,98,898,0
2206,98,1281,0
2207,98,1005,0
2208,98,360,0
2209,98,313,0
2210,98,445,0
2211,98,842,0
2212,98,266,0
2213,98,963,0
2214,98,365,0
2215,98,306,0
2216,98,167,0
2217,98,560,0
2218,98,1016,0
2219,98,290,0
2220,98,865,0
2221,98,1241,0
2222,105,484,0
2223,105,359,0
2224,105,149,0
2225,105,983,0
2226,105,1175,0
2227,105,34,0
2228,105,560,0
2229,105,553,0
2230,105,121,0
2231,105,60,0
2232,105,1185,0
2233,106,1027,0
2234,106,781,0
2235,106,1071,0
2236,106,882,0
2237,106,716,0
2238,106,348,0
2239,106,756,0
2240,106,166,0
2241,106,941,0
2242,108,1097,0
2243,116,809,0
2244,116,221,0
2245,116,103,0
2246,116,20,0
2247,118,179,0
2248,118,732,0
2249,137,994,0
2250,137,419,0
2251,144,876,0
2252,144,781,0
2253,144,1190,0
2254,144,418,0
2255,144,648,0
2256,144,1184,0
2257,144,337,0
2258,144,794,0
2259,146,263,0
2260,146,1126,0
2261,146,900,0
2262,146,455,0
2263,150,582,0
2264,150,168,0
2265,150,597,0
2266,150,459,0
2267,150,560,0
2268,150,1154,0
2269,150,17,0
2270,150,896,0
2271,150,1292,0
2272,150,482,0
2273,150,1112,0
2274,150,888,0
2275,150,421,0
2276,150,433,0
2277,150,1136,0
2278,150,512,0
2279,160,1136,0
2280,161,519,0
2281,161,285,0
2282,161,6,0
2283,161,202,0
2284,161,891,0
2285,161,757,0
2286,161,414,0
2287,161,380,0
2288,161,60,0
2289,161,631,0
2290,161,598,0
2291,161,1302,0
2292,161,25,0
2293,161,935,0
2294,161,944,0
2295,161,749,0
2296,161,467,0
2297,161,426,0
2298,161,877,0
2299,161,1145,0
2300,161,1102,0
2301,161,744,0
2302,161,807,0
2303,170,1059,0
2304,170,288,0
2305,170,1001,0
2306,170,605,0
2307,170,242,0
2308,173,672,0
2309,173,994,0
2310,173,608,0
2311,173,741,0
2312,179,747,0
2313,182,942,0
2314,182,475,0
2315,182,1121,0
2316,182,1286,0
2317,182,1001,0
2318,182,1206,0
2319,182,727,0
2320,182,1012,0
2321,182,962,0
2322,182,78,0
2323,186,1301,0
2324,186,1126,0
2325,186,1292,0
2326,187,1303,0
2327,196,649,0
2328,198,708,0
2329,206,1292,0
2330,210,733,0
2331,210,663,0
2332,210,234,0
2333,210,1183,0
2334,210,103,0
2335,210,1318,0
2336,210,297,0
2337,210,18,0
2338,210,852,0
2339,210,0,0
2340,210,310,0
2341,210,130,0
2342,210,552,0
2343,210,1191,0
2344,210,725,0
2345,210,1049,0
2346,210,679,0
2347,210,881,0
2348,210,615,0
2349,210,1229,0
2350,210,863,0
2351,210,1254,0
2352,210,948,0
2353,210,1111,0
2354,210,1116,0
2355,210,882,0
2356,210,444,0
2357,210,364,0
2358,210,1150,0
2359,210,104,0
2360,210,1006,0
2361,210,348,0
2362,210,1133,0
2363,210,928,0
2364,210,614,0
2365,210,1127,0
2366,210,1259,0
2367,210,295,0
2368,210,1305,0
2369,210,891,0
2370,216,327,0
2371,219,426,0
2372,219,244,0
2373,226,716,0
2374,226,825,0
2375,226,121,0
2376,226,851,0
2377,226,1267,0
2378,226,324,0
2379,226,760,0
2380,226,793,0
2381,226,1031,0
2382,226,1265,0
2383,226,457,0
2384,226,781,0
2385,226,1013,0
2386,226,1190,0
2387,226,490,0
2388,226,1003,0
2389,226,1062,0
2390,226,449,0
2391,226,1206,0
2392,226,754,0
2393,226,294,0
2394,226,580,0
2395,226,604,0
2396,237,790,0
2397,239,1244,0
2398,239,272,0
2399,239,701,0
2400,239,1186,0
2401,239,258,0
2402,239,835,0
2403,239,1228,0
2404,250,919,0
2405,254,493,0
2406,254,429,0
2407,254,1078,0
2408,254,758,0
2409,258,174,0
2410,258,1248,0
2411,258,852,0
2412,258,939,0
2413,258,132,0
2414,258,205,0
2415,258,101,0
2416,258,588,0
2417,258,621,0
2418,258,64,0
2419,258,813,0
2420,258,571,0
2421,258,688,0
2422,258,246,0
2423,258,328,0
2424,258,516,0
2425,258,859,0
2426,258,509,0
2427,258,227,0
2428,258,685,0
2429,258,82,0
2430,258,1035,0
2431,258,527,0
2432,258,1190,0
2433,258,938,0
2434,261,706,0
2435,265,584,0
2436,265,189,0
2437,265,835,0
2438,265,280,0
2439,275,1264,0
2440,275,804,0
2441,275,481,0
2442,275,1074,0
2443,275,740,0
2444,275,1259,0
2445,275,1049,0
2446,288,1288,0
2447,288,1049,0
2448,288,1159,0
2449,288,202,0
2450,288,1168,0
2451,288,463,0
2452,288,51,0
2453,288,1294,0
2454,288,666,0
2455,292,753,0
2456,292,685,0
2457,292,478,0
2458,292,92,0
2459,292,624,0
2460,292,562,0
2461,292,435,0
2462,292,1052,0
2463,292,518,0
2464,292,445,0
2465,301,1107,0
2466,301,616,0
2467,301,577,0
2468,301,1305,0
2469,308,472,0
2470,308,1255,0
2471,308,638,0
2472,308,1045,0
2473,310,124,0
2474,310,415,0
2475,310,370,0
2476,310,1230,0
2477,310,649,0
2478,310,692,0
2479,310,1039,0
2480,312,823,0
2481,312,241,0
2482,312,593,0
2483,312,705,0
2484,317,188,0
2485,317,782,0
2486,317,28,0
2487,322,460,0
2488,322,610,0
2489,322,576,0
2490,322,760,0
2491,322,631,0
2492,322,284,0
2493,322,626,0
2494,322,511,0
2495,322,499,0
2496,322,260,0
2497,322,1212,0
2498,322,649,0
2499,323,292,0
2500,324,761,0
2501,324,648,0
2502,324,374,0
2503,324,555,0
2504,324,835,0
2505,324,232,0
2506,324,848,0
2507,324,368,0
2508,324,672,0
2509,324,824,0
2510,324,409,0
2511,324,438,0
2512,324,763,0
2513,324,718,0
2514,324,331,0
2515,324,1154,0
2516,324,1204,0
2517,324,518,0
2518,324,1280,0
2519,324,1210,0
2520,330,990,0
2521,336,868,0
2522,341,1234,0
2523,341,586,0
2524,341,423,0
2525,341,1108,0
2526,341,528,0
2527,341,1131,0
2528,341,414,0
2529,341,212,0
2530,341,891,0
2531,341,1063,0
2532,341,268,0
2533,341,990,0
2534,341,1077,0
2535,347,1047,0
2536,353,320,0
2537,357,533,0
2538,357,564,0
2539,357,315,0
2540,357,398,0
2541,365,1090,0
2542,365,1072,0
2543,365,1250,0
2544,365,808,0
2545,365,26,0
2546,365,625,0
2547,365,205,0
2548,365,1259,0
2549,367,181,0
2550,367,1298,0
2551,367,1186,0
2552,367,1233,0
2553,367,350,0
2554,367,998,0
2555,367,629,0
2556,367,814,0
2557,367,446,0
2558,367,918,0
2559,367,1292,0
2560,367,748,0
2561,367,1004,0
2562,367,514,0
2563,367,523,0
2564,367,982,0
2565,367,251,0
2566,367,621,0
2567,367,1272,0
2568,367,739,0
2569,367,849,0
2570,367,150,0
2571,367,55,0
2572,367,609,0
2573,367,1162,0
2574,367,919,0
2575,367,679,0
2576,367,544,0
2577,367,1126,0
2578,367,1017,0
2579,367,33,0
2580,367,432,0
2581,367,1232,0
2582,367,1270,0
2583,367,123,0
2584,367,236,0
2585,367,142,0
2586,367,1024,0
2587,367,997,0
2588,367,1223,0
2589,367,14,0
2590,367,235,0
2591,367,59,0
2592,367,319,0
2593,367,911,0
2594,377,1144,0
2595,377,1262,0
2596,377,395,0
2597,377,1238,0
2598,381,586,0
2599,385,126,0
2600,390,1174,0
2601,390,637,0
2602,390,316,0
2603,390,37,0
2604,423,168,0
2605,423,274,0
2606,423,1117,0
2607,423,33,0
2608,423,409,0
2609,423,356,0
2610,423,914,0
2611,430,262,0
2612,434,20,0
2613,434,472,0
2614,434,474,0
2615,434,889,0
2616,434,535,0
2617,434,1102,0
2618,434,1305,0
2619,434,753,0
2620,434,1122,0
2621,434,553,0
2622,434,815,0
2623,434,334,0
2624,434,644,0
2625,434,1125,0
2626,434,1011,0
2627,434,10,0
2628,434,1260,0
2629,434,212,0
2630,434,1252,0
2631,434,1235,0
2632,434,545,0
2633,434,147,0
2634,434,267,0
2635,434,1067,0
2636,434,941,0
2637,434,136,0
2638,434,617,0
2639,434,756,0
2640,434,688,0
2641,434,473,0
2642,434,900,0
2643,434,248,0
2644,434,62,0
2645,434,394,0
2646,434,528,0
2647,434,301,0
2648,434,664,0
2649,434,963,0
2650,434,241,0
2651,434,1184,0
2652,434,1010,0
2653,434,191,0
2654,434,945,0
2655,434,987,0
2656,434,186,0
2657,434,608,0
2658,434,43,0
2659,434,692,0
2660,434,974,0
2661,434,1133,0
2662,434,1256,0
2663,434,968,0
2664,440,85,0
2665,440,549,0
2666,440,1080,0
2667,440,989,0
2668,440,996,0
2669,440,278,0
2670,440,983,0
2671,440,45,0
2672,440,631,0
2673,440,849,0
2674,440,540,0
2675,440,1029,0
2676,440,1088,0
2677,440,1191,0
2678,440,86,0
2679,440,732,0
2680,440,317,0
2681,440,832,0
2682,440,1113,0
2683,440,133,0
2684,440,424,0
2685,440,995,0
2686,440,325,0
2687,440,57,0
2688,440,60,0
2689,440,1295,0
2690,440,900,0
2691,440,657,0
2692,440,782,0
2693,440,973,0
2694,440,7,0
2695,440,1071,0
2696,440,165,0
2697,440,217,0
2698,440,943,0
2699,440,564,0
2700,440,160,0
2701,440,179,0
2702,440,281,0
2703,440,1289,0
2704,440,159,0
2705,440,378,0
2706,440,479,0
2707,440,1016,0
2708,443,1266,0
2709,443,265,0
2710,443,396,0
2711,443,562,0
2712,444,479,0
2713,444,113,0
2714,452,1125,0
2715,452,220,0
2716,464,961,0
2717,464,1278,0
2718,464,887,0
2719,464,1302,0
2720,464,100,0
2721,464,979,0
2722,464,771,0
2723,464,1032,0
2724,464,446,0
2725,464,80,0
2726,464,185,0
2727,464,9,0
2728,464,460,0
2729,464,623,0
2730,464,1068,0
2731,464,275,0
2732,464,225,0
2733,464,969,0
2734,464,1138,0
2735,464,1147,0
2736,464,1160,0
2737,464,192,0
2738,464,1025,0
2739,464,956,0
2740,464,236,0
2741,464,875,0
2742,464,511,0
2743,464,960,0
2744,464,1035,0
2745,464,814,0
2746,464,308,0
2747,464,420,0
2748,464,1090,0
2749,464,265,0
2750,464,332,0
2751,464,208,0
2752,464,799,0
2753,464,1271,0
2754,464,1215,0
2755,464,71,0
2756,464,112,0
2757,464,65,0
2758,464,850,0
2759,464,78,0
2760,464,122,0
2761,464,806,0
2762,464,1200,0
2763,464,526,0
2764,464,593,0
2765,464,1216,0
2766,464,281,0
2767,464,557,0
2768,464,701,0
2769,464,997,0
2770,464,119,0
2771,464,315,0
2772,464,884,0
2773,464,1254,0
2774,464,586,0
2775,464,1065,0
2776,464,59,0
2777,464,10,0
2778,464,6,0
2779,464,828,0
2780,464,1204,0
2781,464,561,0
2782,464,323,0
2783,464,57,0
2784,464,97,0
2785,464,733,0
2786,464,325,0
2787,464,86,0
2788,464,1064,0
2789,464,556,0
2790,464,700,0
2791,464,628,0
2792,464,1159,0
2793,464,1222,0
2794,464,493,0
2795,464,1191,0
2796,464,731,0
2797,464,25,0
2798,464,48,0
2799,464,435,0
2800,464,521,0
2801,464,19,0
2802,464,1050,0
2803,464,553,0
2804,464,209,0
2805,464,1197,0
2806,464,719,0
2807,464,869,0
2808,464,596,0
2809,464,1029,0
2810,464,616,0
2811,464,296,0
2812,464,76,0
2813,464,378,0
2814,464,678,0
2815,464,181,0
2816,464,1315,0
2817,464,384,0
2818,464,461,0
2819,464,443,0
2820,464,670,0
2821,464,403,0
2822,464,371,0
2823,464,1081,0
2824,464,886,0
2825,464,1317,0
2826,464,1223,0
2827,464,164,0
2828,464,983,0
2829,464,607,0
2830,464,1070,0
2831,464,1108,0
2832,464,147,0
2833,464,669,0
2834,464,519,0
2835,464,106,0
2836,464,599,0
2837,464,980,0
2838,464,881,0
2839,464,1167,0
2840,464,388,0
2841,464,1213,0
2842,464,747,0
2843,464,482,0
2844,464,492,0
2845,464,741,0
2846,464,1091,0
2847,464,41,0
2848,464,51,0
2849,464,550,0
2850,464,1021,0
2851,464,943,0
2852,464,555,0
2853,464,223,0
2854,464,1297,0
2855,464,1161,0
2856,464,1113,0
2857,464,1251,0
2858,464,120,0
2859,464,801,0
2860,464,63,0
2861,464,595,0
2862,464,796,0
2863,464,751,0
2864,464,516,0
2865,464,1026,0
2866,464,216,0
2867,464,33,0
2868,464,885,0
2869,464,1107,0
2870,464,1269,0
2871,464,1171,0
2872,464,845,0
2873,464,207,0
2874,464,1190,0
2875,464,1241,0
2876,464,1044,0
2877,464,874,0
2878,464,1002,0
2879,464,235,0
2880,464,167,0
2881,464,455,0
2882,464,882,0
2883,464,962,0
2884,469,187,0
2885,469,200,0
2886,473,789,0
2887,475,1286,0
2888,475,996,0
2889,475,977,0
2890,477,601,0
2891,477,249,0
2892,477,208,0
2893,477,491,0
2894,477,888,0
2895,477,552,0
2896,477,464,0
2897,477,283,0
2898,477,625,0
2899,477,186,0
2900,477,1290,0
2901,477,1215,0
2902,477,441,0
2903,477,736,0
2904,477,141,0
2905,477,421,0
2906,477,327,0
2907,477,291,0
2908,477,503,0
2909,477,740,0
2910,477,717,0
2911,477,463,0
2912,477,177,0
2913,478,653,0
2914,497,74,0
2915,497,723,0
2916,497,629,0
2917,497,84,0
2918,497,392,0
2919,497,824,0
2920,497,809,0
2921,497,1287,0
2922,497,916,0
2923,497,1274,0
2924,497,1114,0
2925,497,936,0
2926,497,1082,0
2927,497,1167,0
2928,497,1202,0
2929,497,114,0
2930,497,907,0
2931,497,506,0
2932,497,880,0
2933,497,393,0
2934,497,431,0
2935,497,249,0
2936,497,906,0
2937,497,193,0
2938,497,60,0
2939,497,542,0
2940,497,176,0
2941,497,508,0
2942,497,523,0
2943,497,962,0
2944,497,1025,0
2945,497,146,0
2946,497,363,0
2947,497,439,0
2948,497,1037,0
2949,497,1278,0
2950,497,463,0
2951,502,1214,0
2952,502,590,0
2953,502,674,0
2954,502,171,0
2955,502,1123,0
2956,502,591,0
2957,502,560,0
2958,502,538,0
2959,504,273,0
2960,504,583,0
2961,504,473,0
2962,505,232,0
2963,505,240,0
2964,505,51,0
2965,505,745,0
2966,505,983,0
2967,505,103,0
2968,505,534,0
2969,505,1270,0
2970,505,1303,0
2971,505,84,0
2972,505,1285,0
2973,505,834,0
2974,505,195,0
2975,505,159,0
2976,505,1170,0
2977,505,732,0
2978,505,323,0
2979,505,1023,0
2980,512,740,0
2981,521,83,0
2982,521,544,0
2983,521,1125,0
2984,521,588,0
2985,521,665,0
2986,521,1115,0
2987,521,1137,0
2988,521,961,0
2989,521,150,0
2990,521,455,0
2991,521,349,0
2992,521,1111,0
2993,521,223,0
2994,521,761,0
2995,521,171,0
2996,521,877,0
2997,521,507,0
2998,521,734,0
2999,521,149,0
3000,521,234,0
3001,521,167,0
3002,521,697,0
3003,521,753,0
3004,521,889,0
3005,535,402,0
3006,535,250,0
3007,538,1107,0
3008,538,593,0
3009,538,519,0
3010,538,762,0
3011,538,595,0
3012,538,910,0
3013,538,229,0
3014,538,854,0
3015,538,850,0
3016,538,903,0
3017,538,544,0
3018,538,102,0
3019,538,930,0
3020,538,61,0
3021,538,574,0
3022,538,1236,0
3023,538,723,0
3024,538,1009,0
3025,538,1157,0
3026,538,811,0
3027,541,592,0
3028,541,50,0
3029,541,421,0
3030,554,753,0
3031,554,868,0
3032,559,296,0
3033,563,771,0
3034,563,671,0
3035,572,737,0
3036,572,199,0
3037,573,1049,0
3038,573,485,0
3039,573,430,0
3040,573,431,0
3041,573,689,0
3042,573,1058,0
3043,574,1209,0
3044,579,961,0
3045,588,740,0
3046,588,510,0
3047,588,710,0
3048,588,205,0
3049,588,491,0
3050,588,419,0
3051,588,1063,0
3052,588,238,0
3053,590,1131,0
3054,590,204,0
3055,590,656,0
3056,590,157,0
3057,590,1069,0
3058,590,790,0
3059,590,1225,0
3060,590,896,0
3061,590,1186,0
3062,590,1170,0
3063,590,724,0
3064,590,772,0
3065,590,673,0
3066,590,947,0
3067,590,263,0
3068,590,470,0
3069,590,660,0
3070,590,1062,0
3071,590,94,0
3072,590,864,0
3073,590,1261,0
3074,590,995,0
3075,590,894,0
3076,590,585,0
3077,590,375,0
3078,591,6,0
3079,591,313,0
3080,591,507,0
3081,591,1281,0
3082,591,161,0
3083,591,35,0
3084,591,454,0
3085,591,718,0
3086,591,199,0
3087,591,677,0
3088,591,830,0
3089,591,357,0
3090,591,932,0
3091,591,333,0
3092,591,572,0
3093,591,911,0
3094,591,276,0
3095,591,1208,0
3096,591,300,0
3097,591,550,0
3098,591,1080,0
3099,591,744,0
3100,591,481,0
3101,591,993,0
3102,591,608,0
3103,591,429,0
3104,591,671,0
3105,591,278,0
3106,591,1263,0
3107,591,1093,0
3108,591,1307,0
3109,599,375,0
3110,606,25,0
3111,627,776,0
3112,627,365,0
3113,627,209,0
3114,627,421,0
3115,627,830,0
3116,627,974,0
3117,627,581,0
3118,627,621,0
3119,627,576,0
3120,627,609,0
3121,627,384,0
3122,627,1204,0
3123,627,1176,0
3124,627,450,0
3125,627,558,0
3126,627,731,0
3127,627,1036,0
3128,627,651,0
3129,627,817,0
3130,627,312,0
3131,627,899,0
3132,627,47,0
3133,627,413,0
3134,627,849,0
3135,627,985,0
3136,627,256,0
3137,627,1037,0
3138,627,1212,0
3139,627,619,0
3140,627,117,0
3141,627,213,0
3142,627,101,0
3143,627,970,0
3144,627,881,0
3145,627,1106,0
3146,627,1264,0
3147,627,1062,0
3148,627,1094,0
3149,627,176,0
3150,627,407,0
3151,627,258,0
3152,627,483,0
3153,627,369,0
3154,627,66,0
3155,627,1088,0
3156,627,868,0
3157,627,1266,0
3158,627,593,0
3159,627,949,0
3160,627,1221,0
3161,627,732,0
3162,627,1144,0
3163,627,492,0
3164,627,647,0
3165,627,592,0
3166,627,1146,0
3167,627,840,0
3168,627,1017,0
3169,627,990,0
3170,627,699,0
3171,627,1271,0
3172,627,1162,0
3173,627,469,0
3174,627,1120,0
3175,628,660,0
3176,628,487,0
3177,628,307,0
3178,628,512,0
3179,628,56,0
3180,628,369,0
3181,628,136,0
3182,629,436,0
3183,629,1022,0
3184,629,1235,0
3185,629,1278,0
3186,629,893,0
3187,629,270,0
3188,631,297,0
3189,631,232,0
3190,631,1207,0
3191,631,855,0
3192,637,1079,0
3193,637,491,0
3194,637,435,0
3195,637,494,0
3196,638,1320,0
3197,638,686,0
3198,638,531,0
3199,641,831,0
3200,641,839,0
3201,646,511,0
3202,646,291,0
3203,646,698,0
3204,646,1183,0
3205,656,454,0
3206,662,988,0
3207,662,506,0
3208,662,572,0
3209,662,1091,0
3210,676,1112,0
3211,676,373,0
3212,676,1291,0
3213,676,811,0
3214,676,711,0
3215,676,934,0
3216,676,1139,0
3217,676,907,0
3218,676,1140,0
3219,676,745,0
3220,676,138,0
3221,676,1056,0
3222,676,585,0
3223,676,476,0
3224,676,217,0
3225,676,1256,0
3226,676,49,0
3227,676,1191,0
3228,685,775,0
3229,685,1078,0
3230,685,948,0
3231,685,152,0
3232,685,447,0
3233,685,26,0
3234,685,870,0
3235,688,722,0
3236,688,463,0
3237,688,436,0
3238,688,887,0
3239,702,1256,0
3240,702,946,0
3241,702,104,0
3242,702,441,0
3243,702,337,0
3244,722,425,0
3245,726,1257,0
3246,726,518,0
3247,726,4,0
3248,726,30,0
3249,726,647,0
3250,726,218,0
3251,726,1197,0
3252,726,530,0
3253,726,248,0
3254,726,886,0
3255,726,177,0
3256,726,697,0
3257,726,1290,0
3258,728,13,0
3259,728,650,0
3260,728,955,0
3261,728,337,0
3262,743,347,0
3263,743,1198,0
3264,744,787,0
3265,755,319,0
3266,755,441,0
3267,755,148,0
3268,755,950,0
3269,755,739,0
3270,755,915,0
3271,755,722,0
3272,755,310,0
3273,755,1021,0
3274,755,649,0
3275,755,354,0
3276,765,565,0
3277,766,710,0
3278,766,1088,0
3279,766,45,0
3280,766,1303,0
3281,766,456,0
3282,766,506,0
3283,766,753,0
3284,766,679,0
3285,766,1115,0
3286,766,1188,0
3287,766,320,0
3288,777,48,0
3289,777,1310,0
3290,777,1277,0
3291,777,333,0
3292,777,260,0
3293,777,242,0
3294,780,534,0
3295,780,377,0
3296,780,343,0
3297,780,7,0
3298,781,1097,0
3299,791,356,0
3300,791,828,0
3301,791,1001,0
3302,791,291,0
3303,791,16,0
3304,791,1315,0
3305,791,361,0
3306,791,984,0
3307,791,1140,0
3308,791,1111,0
3309,791,1101,0
3310,791,1025,0
3311,791,675,0
3312,791,654,0
3313,791,1064,0
3314,791,681,0
3315,791,395,0
3316,791,1155,0
3317,791,43,0
3318,791,1063,0
3319,791,1006,0
3320,791,13,0
3321,791,466,0
3322,791,441,0
3323,794,870,0
3324,794,357,0
3325,794,74,0
3326,794,720,0
3327,794,1125,0
3328,794,198,0
3329,794,513,0
3330,794,865,0
3331,794,410,0
3332,794,92,0
3333,794,1030,0
3334,794,1043,0
3335,794,1317,0
3336,794,933,0
3337,794,33,0
3338,794,444,0
3339,794,1104,0
3340,794,1131,0
3341,794,723,0
3342,794,888,0
3343,794,645,0
3344,794,311,0
3345,794,373,0
3346,794,271,0
3347,794,216,0
3348,794,931,0
3349,794,884,0
3350,794,838,0
3351,794,687,0
3352,794,500,0
3353,794,939,0
3354,794,1263,0
3355,794,1109,0
3356,794,1290,0
3357,794,625,0
3358,794,547,0
3359,794,96,0
3360,794,149,0
3361,794,1260,0
3362,794,483,0
3363,794,971,0
3364,794,1256,0
3365,794,197,0
3366,794,573,0
3367,794,715,0
3368,794,453,0
3369,794,6,0
3370,794,1242,0
3371,794,641,0
3372,794,854,0
3373,794,616,0
3374,794,901,0
3375,794,1181,0
3376,794,631,0
3377,794,277,0
3378,794,542,0
3379,794,516,0
3380,794,60,0
3381,794,393,0
3382,794,889,0
3383,794,219,0
3384,794,1128,0
3385,794,359,0
3386,794,1220,0
3387,794,364,0
3388,794,656,0
3389,794,673,0
3390,794,563,0
3391,794,603,0
3392,794,308,0
3393,794,813,0
3394,794,620,0
3395,794,1245,0
3396,794,768,0
3397,794,423,0
3398,794,53,0
3399,794,1202,0
3400,794,226,0
3401,794,265,0
3402,794,280,0
3403,813,644,0
3404,813,829,0
3405,813,436,0
3406,813,774,0
3407,813,571,0
3408,813,609,0
3409,813,189,0
3410,813,449,0
3411,813,1261,0
3412,813,297,0
3413,813,547,0
3414,813,147,0
3415,813,120,0
3416,813,746,0
3417,814,224,0
3418,814,1253,0
3419,814,30,0
3420,814,900,0
3421,818,1262,0
3422,818,385,0
3423,818,984,0
3424,818,2,0
3425,818,1040,0
3426,819,586,0
3427,819,1002,0
3428,819,524,0
3429,819,1219,0
3430,819,989,0
3431,819,1130,0
3432,819,239,0
3433,829,882,0
3434,829,1159,0
3435,829,1009,0
3436,829,79,0
3437,829,934,0
3438,829,789,0
3439,829,94,0
3440,829,368,0
3441,829,106,0
3442,829,948,0
3443,836,751,0
3444,836,265,0
3445,836,158,0
3446,836,1240,0
3447,836,1252,0
3448,836,748,0
3449,836,1233,0
3450,836,924,0
3451,836,73,0
3452,836,999,0
3453,836,1134,0
3454,836,309,0
3455,836,16,0
3456,836,766,0
3457,836,996,0
3458,836,94,0
3459,836,1248,0
3460,836,581,0
3461,836,498,0
3462,836,972,0
3463,836,114,0
3464,836,13,0
3465,836,412,0
3466,836,39,0
3467,836,1265,0
3468,836,1228,0
3469,836,293,0
3470,836,119,0
3471,836,1141,0
3472,836,850,0
3473,836,904,0
3474,836,756,0
3475,836,137,0
3476,836,734,0
3477,836,1198,0
3478,836,1054,0
3479,836,593,0
3480,836,361,0
3481,836,670,0
3482,841,474,0
3483,841,532,0
3484,841,941,0
3485,841,1287,0
3486,841,649,0
3487,841,1050,0
3488,841,1073,0
3489,849,924,0
3490,849,716,0
3491,849,870,0
3492,849,1058,0
3493,849,670,0
3494,849,1207,0
3495,849,1099,0
3496,849,865,0
3497,849,1314,0
3498,849,1022,0
3499,849,1015,0
3500,849,855,0
3501,849,1239,0
3502,849,729,0
3503,849,979,0
3504,849,210,0
3505,849,458,0
3506,849,929,0
3507,873,662,0
3508,879,373,0
3509,879,900,0
3510,879,164,0
3511,879,1245,0
3512,879,298,0
3513,879,31,0
3514,879,1228,0
3515,879,678,0
3516,879,592,0
3517,879,813,0
3518,879,488,0
3519,879,356,0
3520,879,749,0
3521,879,570,0
3522,879,197,0
3523,879,1260,0
3524,879,1037,0
3525,879,34,0
3526,881,920,0
3527,881,285,0
3528,881,1267,0
3529,881,602,0
3530,881,535,0
3531,881,926,0
3532,881,701,0
3533,881,906,0
3534,881,1088,0
3535,881,1311,0
3536,881,916,0
3537,881,1228,0
3538,881,14,0
3539,881,1149,0
3540,881,901,0
3541,881,1319,0
3542,881,97,0
3543,887,413,0
3544,888,542,0
3545,902,1249,0
3546,902,476,0
3547,902,56,0
3548,902,4,0
3549,902,265,0
3550,902,32,0
3551,902,268,0
3552,902,670,0
3553,902,474,0
3554,902,1067,0
3555,902,394,0
3556,902,1208,0
3557,902,827,0
3558,902,878,0
3559,902,1304,0
3560,902,1187,0
3561,902,193,0
3562,902,562,0
3563,902,1034,0
3564,902,1298,0
3565,909,541,0
3566,909,168,0
3567,909,458,0
3568,909,552,0
3569,909,926,0
3570,909,592,0
3571,909,640,0
3572,910,287,0
3573,910,600,0
3574,910,824,0
3575,910,1267,0
3576,910,537,0
3577,915,377,0
3578,915,509,0
3579,915,588,0
3580,915,302,0
3581,915,946,0
3582,915,465,0
3583,915,1153,0
3584,915,652,0
3585,915,983,0
3586,915,1203,0
3587,915,586,0
3588,915,226,0
3589,915,723,0
3590,915,249,0
3591,915,784,0
3592,915,142,0
3593,920,1156,0
3594,920,393,0
3595,921,790,0
3596,921,1177,0
3597,921,285,0
3598,921,415,0
3599,921,258,0
3600,921,295,0
3601,921,502,0
3602,921,1031,0
3603,921,530,0
3604,921,1130,0
3605,921,1297,0
3606,921,1253,0
3607,921,217,0
3608,921,830,0
3609,921,322,0
3610,921,1025,0
3611,921,236,0
3612,921,603,0
3613,921,4,0
3614,921,528,0
3615,924,382,0
3616,929,498,0
3617,929,101,0
3618,936,829,0
3619,936,268,0
3620,936,863,0
3621,936,1066,0
3622,936,368,0
3623,938,1124,0
3624,941,91,0
3625,941,834,0
3626,941,1170,0
3627,941,207,0
3628,941,168,0
3629,941,377,0
3630,941,1066,0
3631,941,1258,0
3632,950,1057,0
3633,950,359,0
3634,951,84,0
3635,951,295,0
3636,951,691,0
3637,951,32,0
3638,951,749,0
3639,951,1249,0
3640,951,433,0
3641,951,332,0
3642,951,1206,0
3643,951,693,0
3644,951,201,0
3645,951,1071,0
3646,951,81,0
3647,951,274,0
3648,951,7,0
3649,951,325,0
3650,951,935,0
3651,951,98,0
3652,951,1200,0
3653,951,453,0
3654,951,1065,0
3655,951,1076,0
3656,957,589,0
3657,957,547,0
3658,957,223,0
3659,957,1265,0
3660,957,375,0
3661,957,389,0
3662,957,359,0
3663,957,830,0
3664,957,655,0
3665,957,1030,0
3666,957,627,0
3667,957,817,0
3668,957,842,0
3669,957,257,0
3670,957,975,0
3671,959,690,0
3672,959,331,0
3673,959,1217,0
3674,959,826,0
3675,959,932,0
3676,959,420,0
3677,959,188,0
3678,959,661,0
3679,998,1319,0
3680,998,1274,0
3681,998,205,0
3682,1001,1175,0
3683,1001,879,0
3684,1001,771,0
3685,1001,75,0
3686,1001,1240,0
3687,1001,465,0
3688,1001,226,0
3689,1001,280,0
3690,1001,1202,0
3691,1001,82,0
3692,1019,635,0
3693,1019,1224,0
3694,1019,628,0
3695,1019,426,0
3696,1019,354,0
3697,1019,187,0
3698,1019,1304,0
3699,1019,25,0
3700,1019,127,0
3701,1019,507,0
3702,1021,243,0
3703,1023,344,0
3704,1023,54,0
3705,1023,316,0
3706,1023,357,0
3707,1023,792,0
3708,1023,278,0
3709,1023,379,0
3710,1023,630,0
3711,1023,1179,0
3712,1023,981,0
3713,1023,67,0
3714,1023,1123,0
3715,1023,727,0
3716,1023,919,0
3717,1023,27,0
3718,1023,974,0
3719,1023,82,0
3720,1023,599,0
3721,1023,1199,0
3722,1023,211,0
3723,1023,758,0
3724,1023,1013,0
3725,1023,894,0
3726,1023,1210,0
3727,1023,642,0
3728,1023,650,0
3729,1023,921,0
3730,1023,463,0
3731,1023,28,0
3732,1023,142,0
3733,1023,196,0
3734,1023,56,0
3735,1023,739,0
3736,1023,1083,0
3737,1023,103,0
3738,1023,296,0
3739,1023,400,0
3740,1023,1260,0
3741,1023,584,0
3742,1023,267,0
3743,1023,636,0
3744,1023,451,0
3745,1023,481,0
3746,1023,737,0
3747,1023,989,0
3748,1023,416,0
3749,1023,1265,0
3750,1023,520,0
3751,1032,763,0
3752,1032,544,0
3753,1035,1107,0
3754,1035,967,0
3755,1035,317,0
3756,1035,1313,0
3757,1035,507,0
3758,1037,554,0
3759,1037,1162,0
3760,1037,1200,0
3761,1037,688,0
3762,1038,362,0
3763,1038,892,0
3764,1038,190,0
3765,1038,413,0
3766,1038,968,0
3767,1038,431,0
3768,1038,13,0
3769,1038,1021,0
3770,1038,784,0
3771,1038,1131,0
3772,1038,1082,0
3773,1038,1020,0
3774,1038,278,0
3775,1038,989,0
3776,1038,723,0
3777,1038,867,0
3778,1038,900,0
3779,1038,1226,0
3780,1038,390,0
3781,1038,474,0
3782,1038,347,0
3783,1038,570,0
3784,1041,439,0
3785,1050,989,0
3786,1050,375,0
3787,1050,1272,0
3788,1050,517,0
3789,1050,91,0
3790,1050,1302,0
3791,1050,247,0
3792,1050,1186,0
3793,1050,109,0
3794,1050,56,0
3795,1050,326,0
3796,1050,816,0
3797,1051,787,0
3798,1053,946,0
3799,1053,1307,0
3800,1053,94,0
3801,1053,715,0
3802,1053,223,0
3803,1053,500,0
3804,1053,915,0
3805,1053,129,0
3806,1053,1259,0
3807,1053,367,0
3808,1053,567,0
3809,1053,1043,0
3810,1053,543,0
3811,1062,46,0
3812,1063,1222,0
3813,1063,522,0
3814,1063,156,0
3815,1064,807,0
3816,1085,395,0
3817,1085,239,0
3818,1085,980,0
3819,1085,303,0
3820,1085,768,0
3821,1085,1285,0
3822,1085,24,0
3823,1085,484,0
3824,1085,1168,0
3825,1085,271,0
3826,1085,1066,0
3827,1085,470,0
3828,1096,480,0
3829,1112,877,0
3830,1112,191,0
3831,1112,741,0
3832,1112,479,0
3833,1112,1046,0
3834,1112,542,0
3835,1112,25,0
3836,1112,147,0
3837,1114,689,0
3838,1114,182,0
3839,1114,594,0
3840,1114,433,0
3841,1114,1064,0
3842,1114,280,0
3843,1114,1118,0
3844,1115,200,0
3845,1115,539,0
3846,1120,823,0
3847,1123,550,0
3848,1135,823,0
3849,1135,642,0
3850,1135,416,0
3851,1135,738,0
3852,1139,1317,0
3853,1139,1185,0
3854,1140,775,0
3855,1140,378,0
3856,1140,1179,0
3857,1140,75,0
3858,1143,500,0
3859,1143,114,0
3860,1143,1120,0
3861,1143,895,0
3862,1143,939,0
3863,1144,777,0
3864,1144,186,0
3865,1145,514,0
3866,1145,1253,0
3867,1145,1039,0
3868,1159,832,0
3869,1159,1191,0
3870,1159,136,0
3871,1159,470,0
3872,1159,221,0
3873,1159,644,0
3874,1159,519,0
3875,1159,592,0
3876,1159,1121,0
3877,1159,996,0
3878,1159,532,0
3879,1159,631,0
3880,1159,199,0
3881,1159,70,0
3882,1159,227,0
3883,1159,1244,0
3884,1159,1287,0
3885,1159,329,0
3886,1159,874,0
3887,1165,905,0
3888,1165,920,0
3889,1168,316,0
3890,1168,1020,0
3891,1168,144,0
3892,1168,993,0
3893,1168,158,0
3894,1168,619,0
3895,1168,917,0
3896,1168,238,0
3897,1168,147,0
3898,1168,732,0
3899,1168,1014,0
3900,1168,744,0
3901,1170,228,0
3902,1170,911,0
3903,1170,162,0
3904,1170,821,0
3905,1172,799,0
3906,1174,962,0
3907,1174,465,0
3908,1174,195,0
3909,1174,1051,0
3910,1174,1,0
3911,1174,38,0
3912,1175,895,0
3913,1178,640,0
3914,1178,1312,0
3915,1178,1137,0
3916,1178,328,0
3917,1181,968,0
3918,1182,704,0
3919,1182,595,0
3920,1182,1131,0
3921,1182,1214,0
3922,1182,535,0
3923,1182,991,0
3924,1182,624,0
3925,1182,753,0
3926,1186,621,0
3927,1186,692,0
3928,1192,907,0
3929,1192,169,0
3930,1195,1285,0
3931,1204,643,0
3932,1204,987,0
3933,1204,42,0
3934,1204,550,0
3935,1204,495,0
3936,1204,1128,0
3937,1204,969,0
3938,1204,107,0
3939,1204,686,0
3940,1204,468,0
3941,1204,772,0
3942,1204,1207,0
3943,1205,328,0
3944,1205,195,0
3945,1205,499,0
3946,1220,944,0
3947,1220,171,0
3948,1220,574,0
3949,1220,1207,0
3950,1227,202,0
3951,1227,55,0
3952,1227,537,0
3953,1227,614,0
3954,1227,178,0
3955,1227,908,0
3956,1227,248,0
3957,1230,76,0
3958,1236,1080,0
3959,1236,201,0
3960,1236,292,0
3961,1236,814,0
3962,1238,153,0
3963,1238,998,0
3964,1238,672,0
3965,1238,747,0
3966,1238,328,0
3967,1238,542,0
3968,1238,187,0
3969,1238,1032,0
3970,1238,177,0
3971,1238,753,0
3972,1246,308,0
3973,1246,972,0
3974,1246,469,0
3975,1246,1269,0
3976,1248,855,0
3977,1256,472,0
3978,1256,630,0
3979,1256,833,0
3980,1256,105,0
3981,1256,241,0
3982,1256,728,0
3983,1256,850,0
3984,1256,1036,0
3985,1256,821,0
3986,1256,1112,0
3987,1256,248,0
3988,1256,85,0
3989,1256,532,0
3990,1256,467,0
3991,1256,1225,0
3992,1256,503,0
3993,1256,960,0
3994,1256,978,0
3995,1256,302,0
3996,1256,1108,0
3997,1256,348,0
3998,1256,1237,0
3999,1256,986,0
4000,1256,416,0
4001,1256,129,0
4002,1256,471,0
4003,1256,649,0
4004,1256,894,0
4005,1256,774,0
4006,1256,927,0
4007,1256,249,0
4008,1256,775,0
4009,1256,342,0
4010,1256,665,0
4011,1256,424,0
4012,1256,49,0
4013,1256,900,0
4014,1256,54,0
4015,1256,1168,0
4016,1256,461,0
4017,1256,991,0
4018,1256,175,0
4019,1256,777,0
4020,1256,1236,0
4021,1256,1233,0
4022,1256,365,0
4023,1256,268,0
4024,1256,690,0
4025,1256,1182,0
4026,1256,133,0
4027,1256,403,0
4028,1256,499,0
4029,1256,466,0
4030,1256,1134,0
4031,1256,1162,0
4032,1256,1183,0
4033,1256,77,0
4034,1256,668,0
4035,1256,958,0
4036,1256,734,0
4037,1256,954,0
4038,1256,560,0
4039,1256,455,0
4040,1256,1276,0
4041,1256,600,0
4042,1256,698,0
4043,1256,891,0
4044,1256,694,0
4045,1266,383,0
4046,1266,349,0
4047,1266,151,0
4048,1266,1133,0
4049,1266,422,0
4050,1266,811,0
4051,1266,1108,0
4052,1266,977,0
4053,1266,1233,0
4054,1266,1037,0
4055,1266,229,0
4056,1266,191,0
4057,1266,1177,0
4058,1266,836,0
4059,1266,568,0
4060,1266,967,0
4061,1266,289,0
4062,1266,761,0
4063,1266,425,0
4064,1266,855,0
4065,1266,35,0
4066,1266,810,0
4067,1266,411,0
4068,1266,1000,0
4069,1266,1064,0
4070,1266,1069,0
4071,1266,903,0
4072,1266,1241,0
4073,1266,1196,0
4074,1266,611,0
4075,1266,508,0
4076,1266,1152,0
4077,1266,741,0
4078,1266,523,0
4079,1266,635,0
4080,1266,601,0
4081,1266,737,0
4082,1266,851,0
4083,1266,527,0
4084,1266,987,0
4085,1266,944,0
4086,1266,113,0
4087,1266,900,0
4088,1266,695,0
4089,1266,548,0
4090,1266,377,0
4091,1266,454,0
4092,1266,1315,0
4093,1266,152,0
4094,1266,848,0
4095,1266,451,0
4096,1266,1290,0
4097,1266,1179,0
4098,1266,213,0
4099,1266,117,0
4100,1266,459,0
4101,1266,577,0
4102,1266,144,0
4103,1266,359,0
4104,1266,718,0
4105,1266,1203,0
4106,1266,655,0
4107,1266,1070,0
4108,1266,298,0
4109,1266,1161,0
4110,1266,815,0
4111,1266,566,0
4112,1266,429,0
4113,1266,1173,0
4114,1266,131,0
4115,1266,292,0
4116,1266,1065,0
4117,1266,583,0
4118,1266,158,0
4119,1266,978,0
4120,1266,250,0
4121,1266,12,0
4122,1266,904,0
4123,1266,318,0
4124,1266,189,0
4125,1266,654,0
4126,1266,309,0
4127,1266,1195,0
4128,1266,773,0
4129,1266,488,0
4130,1266,619,0
4131,1266,350,0
4132,1266,1091,0
4133,1266,549,0
4134,1266,148,0
4135,1266,1318,0
4136,1266,659,0
4137,1266,682,0
4138,1266,394,0
4139,1266,322,0
4140,1266,932,0
4141,1266,1156,0
4142,1266,812,0
4143,1266,173,0
4144,1266,535,0
4145,1266,1298,0
4146,1266,946,0
4147,1266,263,0
4148,1266,428,0
4149,1266,164,0
4150,1266,184,0
4151,1266,1078,0
4152,1266,645,0
4153,1266,165,0
4154,1266,872,0
4155,1266,981,0
4156,1266,19,0
4157,1266,1101,0
4158,1266,44,0
4159,1273,543,0
4160,1285,453,0
4161,1285,168,0
4162,1285,391,0
4163,1287,853,0
4164,1287,432,0
4165,1287,1208,0
4166,1290,994,0
4167,1290,1207,0
4168,1290,736,0
4169,1290,1109,0
4170,1290,1125,0
4171,1290,1007,0
4172,1290,1079,0
4173,1291,94,0
4174,1291,1051,0
4175,1291,860,0
4176,1291,824,0
4177,1291,1085,0
4178,1291,680,0
4179,1291,119,0
4180,1291,568,0
4181,1291,4,0
4182,1291,303,0
4183,1291,23,0
4184,1291,1275,0
4185,1291,821,0
4186,1291,413,0
4187,1291,952,0
4188,1291,76,0
4189,1291,802,0
4190,1291,110,0
4191,1291,75,0
4192,1291,501,0
4193,1291,314,0
4194,1291,581,0
4195,1291,35,0
4196,1291,649,0
4197,1291,1274,0
4198,1291,570,0
4199,1291,701,0
4200,1291,660,0
4201,1291,95,0
4202,1291,941,0
4203,1291,1301,0
4204,1291,1277,0
4205,1291,376,0
4206,1291,231,0
4207,1291,493,0
4208,1291,903,0
4209,1291,402,0
4210,1291,265,0
4211,1291,875,0
4212,1291,12,0
4213,1291,925,0
4214,1291,832,0
4215,1297,454,0
4216,1301,209,0
4217,1302,793,0
4218,1304,63,0
4219,1312,278,0
4220,1320,162,0
4221,1320,1020,0
4222,1320,1291,0
4223,1320,564,0
4224,1320,462,0
4225,1320,1114,0
4226,1320,52,0
4227,1320,407,0
4228,1320,375,0
4229,1320,1162,0
